feature,obs_mean,obs_sd,null_mean,null_sd,mean_diff,z_screen_mc,p_screen_mc,null_q025,null_median,null_q975,q_bh_screen_mc
centroid_x,0.014536632702571568,0.23345860389553022,0.0012333333333333332,0.23570681198979856,0.013303299369238235,3.055857651243658,0.002244177733314533,-0.4666666666666667,0.0,0.4666666666666667,0.060078772668442304
col_5,3.0634643377001454,0.991543271337457,3.00825,0.9910252489478775,0.0552143377001455,3.016567427861714,0.0025565435178060555,1.0,3.0,5.0,0.060078772668442304
cov_xy,0.011653889697557821,0.3452799074327856,-0.002857999999999999,0.34227693592918024,0.01451188969755782,2.295578892439715,0.021699970787200203,-0.6666666666666666,-2.960594732333751e-17,0.6666666666666666,0.2932463587347389
row_3,3.0273653566229983,0.989376838117592,2.9897,1.0034661216069334,0.0376653566229983,2.0322880275293804,0.04212450579613339,1.0,3.0,5.0,0.2932463587347389
row_2,2.9778748180494907,1.008744308743678,3.015,0.9999124917959383,-0.0371251819505094,-2.0102611813580715,0.044403553082323646,1.0,3.0,5.0,0.2932463587347389
sym_diag_main,0.6642794759825327,0.10280852340419194,0.6680766666666667,0.10341121760877638,-0.0037971906841339775,-1.9881110749535853,0.04679940678523443,0.4666666666666667,0.6666666666666666,0.8666666666666667,0.2932463587347389
inner_ring,4.757496360989811,1.1702727393312273,4.80005,1.1636742260552217,-0.042553639010188604,-1.9799361235205541,0.04771070669954201,3.0,5.0,7.0,0.2932463587347389
center,0.609315866084425,0.4879747564426331,0.59195,0.4914847661563562,0.01736586608442503,1.9130762320655568,0.055738294003438826,0.0,1.0,1.0,0.2932463587347389
adj_diag_dl,5.561572052401747,1.3145092725134684,5.60785,1.3119658685430848,-0.0462779475982531,-1.9098420130108043,0.056153558055588304,3.0,6.0,8.0,0.2932463587347389
adj_orth,13.942940320232896,1.7974628063239937,14.00195,1.7932113589448657,-0.05900967976710447,-1.7817126613249696,0.07479610109738793,11.0,14.0,18.0,0.3195833410524757
perimeter4,32.11411935953421,3.5949256126479874,31.9961,3.5864227178897314,0.11801935953420895,1.7817126613249696,0.07479610109738793,24.0,32.0,38.0,0.3195833410524757
adj_v,6.970887918486172,1.308220591435459,7.00865,1.3037485054673217,-0.03776208151382843,-1.5682236223151351,0.1168289533617397,4.0,7.0,9.0,0.4008722506094446
v_runs,8.029112081513828,1.308220591435459,7.99135,1.3037485054673217,0.03776208151382843,1.5682236223151351,0.1168289533617397,6.0,8.0,11.0,0.4008722506094446
compactness,0.1903895513023337,0.047857311767139026,0.19174129966228456,0.04778863204553565,-0.0013517483599508606,-1.5315004965586019,0.12564574379703122,0.13053709086938198,0.18407769454627693,0.32724923474893675,0.4008722506094446
comp4_count,2.7970887918486174,1.095281733477609,2.7665,1.0920335969505899,0.03058879184861718,1.516604058833511,0.12936668002230303,1.0,3.0,5.0,0.4008722506094446
var_x,1.9541322982371019,0.28864959045768934,1.9462302222222225,0.2924861605007064,0.007902076014879356,1.4627892875802635,0.1435250452254916,1.3955555555555557,1.9555555555555557,2.5155555555555553,0.4008722506094446
col_1,2.972052401746725,0.9784094741851258,2.9984,0.9993734924285659,-0.02634759825327526,-1.4274440555824597,0.15345193983343725,1.0,3.0,5.0,0.4008722506094446
sym_diag_anti,0.6692867540029112,0.10265166358585293,0.6665733333333334,0.10293940506406979,0.002713420669577804,1.427188588787296,0.1535255427865958,0.4666666666666667,0.6666666666666666,0.8666666666666667,0.4008722506094446
longest_diag,3.6739446870451236,0.7241603998084335,3.65645,0.7167629210235751,0.01749468704512358,1.321528510254169,0.18632520270850483,2.0,4.0,5.0,0.46090971196314356
adj_diag,11.15109170305677,2.197352632679888,11.20035,2.1409434974919286,-0.04925829694323092,-1.2457189650016893,0.2128675885871565,7.0,11.0,15.0,0.46262479957762676
col_2,2.977583697234352,1.0111887087694753,3.0007,1.0089352841091326,-0.023116302765648022,-1.2405119530819082,0.2147860958272565,1.0,3.0,5.0,0.46262479957762676
bbox_width,4.993595342066958,0.07978402983588234,4.9915,0.09180507289126473,0.002095342066957606,1.235760024061162,0.21654777852569762,5.0,5.0,5.0,0.46262479957762676
radius_gyration,1.9720703897178726,0.10433866883509747,1.9697334558696398,0.1049190000000346,0.0023369338482328583,1.2059746141006153,0.22782727884803777,1.7613126418163876,1.9742787317985198,2.1664102412362563,0.46545470650446563
bbox_area,24.924308588064047,0.6106033166292026,24.90975,0.6675531580787727,0.014558588064048195,1.1808080156782357,0.23767899906611012,25.0,25.0,25.0,0.46545470650446563
outer_ring,9.633187772925764,1.1959717617193437,9.608,1.2010862293801057,0.02518777292576324,1.1354328925445794,0.2561939844939428,7.0,10.0,12.0,0.4816446908486125
col_3,2.974090247452693,0.9925015945911397,2.99315,0.9967711648807648,-0.019059752547307074,-1.035303498300403,0.3005271966098788,1.0,3.0,5.0,0.5432607015640116
row_4,2.981077147016012,1.003164767103629,2.999,1.0014734881450296,-0.017922852983988324,-0.9689772379447925,0.33255654617546515,1.0,3.0,5.0,0.576301345072795
row_1,3.01018922852984,1.0032915219343186,2.99325,1.0009268356011398,0.016939228529839756,0.9162989388771854,0.35951012442193286,1.0,3.0,5.0,0.576301345072795
adj_h,6.9720524017467245,1.2966195273739813,6.9933,1.3084115205222522,-0.021247598253275157,-0.8792479741944474,0.37926683774087244,4.0,7.0,9.0,0.576301345072795
h_runs,8.027947598253276,1.2966195273739813,8.0067,1.3084115205222522,0.021247598253275157,0.8792479741944474,0.37926683774087244,6.0,8.0,11.0,0.576301345072795
comp4_largest,11.151673944687046,2.7331299605278803,11.1962,2.7467585977183555,-0.044526055312953616,-0.8776869044281641,0.38011365313312007,6.0,12.0,15.0,0.576301345072795
comp8_largest,14.301310043668122,1.4126832200664374,14.2796,1.4667076742043994,0.021710043668122125,0.8014252516967156,0.4228855012832423,9.0,15.0,15.0,0.6077911730245459
sym_rot180,0.6017855409995148,0.11243489140868962,0.6001366666666667,0.11251840791446517,0.0016488743328481048,0.7934322862694664,0.4275260062555848,0.4,0.6,0.8,0.6077911730245459
longest_v,3.8852983988355168,0.8472105672359286,3.89735,0.8444220685957329,-0.012051601164483117,-0.7727358575264179,0.4396787209113736,2.0,4.0,5.0,0.6077911730245459
longest_h,3.8777292576419216,0.8420110519421821,3.8893,0.8504596839849049,-0.011570742358078423,-0.7366367512675741,0.46134327934126285,2.0,4.0,5.0,0.619518117972553
col_4,3.0128093158660842,1.002535572579396,2.9995,1.0099261099394237,0.013309315866084415,0.7135296450369205,0.47551807556141756,1.0,3.0,5.0,0.6208152653162952
centroid_radius,0.2956058237678268,0.14973829538161015,0.2970745194277921,0.15041230368490924,-0.0014686956599653245,-0.5286817735554674,0.5970262229929748,0.06666666666666667,0.2748737083745107,0.6146362971528592,0.7283177780300976
isolated4,0.9278020378457059,0.9359348562534601,0.9188,0.9333542293823257,0.009002037845705968,0.5222040362417502,0.6015282760513999,0.0,1.0,3.0,0.7283177780300976
sym_ud,0.6678117418728773,0.10420516110122696,0.6668266666666667,0.10293284619210687,0.000985075206210606,0.5181569125019854,0.6043487945356129,0.4666666666666667,0.6666666666666666,0.8666666666666667,0.7283177780300976
bbox_height,4.991266375545852,0.093058418889747,4.99045,0.0977715473119516,0.0008163755458516775,0.45208842572627034,0.6512052814820897,5.0,5.0,5.0,0.7651662057414554
comp8_count,1.3508005822416302,0.5598395275107277,1.34715,0.553942433932449,0.0036505822416301736,0.35681523687799616,0.7212301287591706,1.0,1.0,3.0,0.8267760012605126
anisotropy,0.185109670221666,0.10235645906678864,0.1846580400981973,0.10057119186048631,0.00045163012346868814,0.24313931793814267,0.8078974736037696,0.03254050241653713,0.1699163505566199,0.41666397861002874,0.8694040140556848
sym_lr,0.6666278505579815,0.10385688994461945,0.6670699999999999,0.1034157459359649,-0.00044214944201848017,-0.23148790367231914,0.8169357817359113,0.4666666666666667,0.6666666666666666,0.8666666666666667,0.8694040140556848
var_y,1.9458127122755946,0.2939491523615585,1.9446271111111113,0.29343999303985285,0.0011856011644832964,0.21875863413698435,0.8268380715482677,1.3600000000000003,1.9555555555555557,2.4888888888888894,0.8694040140556848
centroid_y,-0.0006792819019893252,0.23476594725999667,0.00023999999999999987,0.2352068537878074,-0.0009192819019893251,-0.21161411239742384,0.8324080985639535,-0.4666666666666667,0.0,0.4666666666666667,0.8694040140556848
adj_diag_dr,5.5895196506550215,1.3695692995343531,5.5925,1.315534219058583,-0.0029803493449787055,-0.12266224633706078,0.9023745610963522,3.0,6.0,8.0,0.9219913993810556
row_5,3.003493449781659,0.9956162034239266,3.00305,0.9968903585747787,0.000443449781659222,0.024084794175631086,0.9807849722953719,1.0,3.0,5.0,0.9807849722953719
