window,n_contests,dezena,row,col,observed_count,observed_rate,expected_count_n0,expected_rate_n0,z_n0
total,3435,1,1,1,2073,0.6034934497816594,2061.0,0.6,0.4179383795285729
total,3435,2,1,2,2060,0.5997088791848617,2061.0,0.6,-0.03482819829404774
total,3435,3,1,3,2074,0.6037845705967977,2061.0,0.6,0.4527665778226206
total,3435,4,1,4,2072,0.6032023289665212,2061.0,0.6,0.3831101812345251
total,3435,5,1,5,2061,0.6,2061.0,0.6,0.0
total,3435,6,2,1,2013,0.5860262008733624,2061.0,0.6,-1.6717535181142915
total,3435,7,2,2,2026,0.5898107714701601,2061.0,0.6,-1.2189869402916709
total,3435,8,2,3,1992,0.5799126637554585,2061.0,0.6,-2.403145682289294
total,3435,9,2,4,2052,0.5973799126637555,2061.0,0.6,-0.31345378464642965
total,3435,10,2,5,2146,0.624745269286754,2061.0,0.6,2.960396854994058
total,3435,11,3,1,2116,0.6160116448326055,2061.0,0.6,1.9155509061726257
total,3435,12,3,2,2064,0.6008733624454149,2061.0,0.6,0.10448459488214322
total,3435,13,3,3,2093,0.609315866084425,2061.0,0.6,1.1145023454095278
total,3435,14,3,4,2088,0.6078602620087337,2061.0,0.6,0.940361353939289
total,3435,15,3,5,2038,0.5933042212518195,2061.0,0.6,-0.801048560763098
total,3435,16,4,1,1969,0.573216885007278,2061.0,0.6,-3.204194243052392
total,3435,17,4,2,2023,0.5889374090247452,2061.0,0.6,-1.323471535173814
total,3435,18,4,3,2051,0.5970887918486172,2061.0,0.6,-0.3482819829404774
total,3435,19,4,4,2046,0.5956331877729257,2061.0,0.6,-0.5224229744107161
total,3435,20,4,5,2151,0.6262008733624455,2061.0,0.6,3.1345378464642963
total,3435,21,5,1,2038,0.5933042212518195,2061.0,0.6,-0.801048560763098
total,3435,22,5,2,2055,0.5982532751091703,2061.0,0.6,-0.20896918976428644
total,3435,23,5,3,2006,0.5839883551673944,2061.0,0.6,-1.9155509061726257
total,3435,24,5,4,2091,0.6087336244541485,2061.0,0.6,1.0448459488214321
total,3435,25,5,5,2127,0.6192139737991267,2061.0,0.6,2.298661087407151
last_1000,1000,1,1,1,615,0.615,600.0,0.6,0.9682458365518541
last_1000,1000,2,1,2,610,0.61,600.0,0.6,0.6454972243679028
last_1000,1000,3,1,3,595,0.595,600.0,0.6,-0.3227486121839514
last_1000,1000,4,1,4,603,0.603,600.0,0.6,0.19364916731037085
last_1000,1000,5,1,5,591,0.591,600.0,0.6,-0.5809475019311126
last_1000,1000,6,2,1,590,0.59,600.0,0.6,-0.6454972243679028
last_1000,1000,7,2,2,600,0.6,600.0,0.6,0.0
last_1000,1000,8,2,3,596,0.596,600.0,0.6,-0.2581988897471611
last_1000,1000,9,2,4,600,0.6,600.0,0.6,0.0
last_1000,1000,10,2,5,629,0.629,600.0,0.6,1.8719419506669182
last_1000,1000,11,3,1,614,0.614,600.0,0.6,0.9036961141150639
last_1000,1000,12,3,2,613,0.613,600.0,0.6,0.8391463916782737
last_1000,1000,13,3,3,591,0.591,600.0,0.6,-0.5809475019311126
last_1000,1000,14,3,4,603,0.603,600.0,0.6,0.19364916731037085
last_1000,1000,15,3,5,597,0.597,600.0,0.6,-0.19364916731037085
last_1000,1000,16,4,1,566,0.566,600.0,0.6,-2.1946905628508695
last_1000,1000,17,4,2,568,0.568,600.0,0.6,-2.065591117977289
last_1000,1000,18,4,3,601,0.601,600.0,0.6,0.06454972243679027
last_1000,1000,19,4,4,577,0.577,600.0,0.6,-1.4846436160461765
last_1000,1000,20,4,5,637,0.637,600.0,0.6,2.38833973016124
last_1000,1000,21,5,1,601,0.601,600.0,0.6,0.06454972243679027
last_1000,1000,22,5,2,594,0.594,600.0,0.6,-0.3872983346207417
last_1000,1000,23,5,3,563,0.563,600.0,0.6,-2.38833973016124
last_1000,1000,24,5,4,606,0.606,600.0,0.6,0.3872983346207417
last_1000,1000,25,5,5,640,0.64,600.0,0.6,2.581988897471611
last_500,500,1,1,1,316,0.632,300.0,0.6,1.4605934866804429
last_500,500,2,1,2,305,0.61,300.0,0.6,0.45643546458763845
last_500,500,3,1,3,303,0.606,300.0,0.6,0.27386127875258304
last_500,500,4,1,4,306,0.612,300.0,0.6,0.5477225575051661
last_500,500,5,1,5,292,0.584,300.0,0.6,-0.7302967433402214
last_500,500,6,2,1,298,0.596,300.0,0.6,-0.18257418583505536
last_500,500,7,2,2,297,0.594,300.0,0.6,-0.27386127875258304
last_500,500,8,2,3,300,0.6,300.0,0.6,0.0
last_500,500,9,2,4,289,0.578,300.0,0.6,-1.0041580220928046
last_500,500,10,2,5,318,0.636,300.0,0.6,1.6431676725154982
last_500,500,11,3,1,304,0.608,300.0,0.6,0.3651483716701107
last_500,500,12,3,2,306,0.612,300.0,0.6,0.5477225575051661
last_500,500,13,3,3,302,0.604,300.0,0.6,0.18257418583505536
last_500,500,14,3,4,302,0.604,300.0,0.6,0.18257418583505536
last_500,500,15,3,5,298,0.596,300.0,0.6,-0.18257418583505536
last_500,500,16,4,1,279,0.558,300.0,0.6,-1.9170289512680814
last_500,500,17,4,2,288,0.576,300.0,0.6,-1.0954451150103321
last_500,500,18,4,3,297,0.594,300.0,0.6,-0.27386127875258304
last_500,500,19,4,4,296,0.592,300.0,0.6,-0.3651483716701107
last_500,500,20,4,5,311,0.622,300.0,0.6,1.0041580220928046
last_500,500,21,5,1,292,0.584,300.0,0.6,-0.7302967433402214
last_500,500,22,5,2,295,0.59,300.0,0.6,-0.45643546458763845
last_500,500,23,5,3,284,0.568,300.0,0.6,-1.4605934866804429
last_500,500,24,5,4,301,0.602,300.0,0.6,0.09128709291752768
last_500,500,25,5,5,321,0.642,300.0,0.6,1.9170289512680814
last_250,250,1,1,1,155,0.62,150.0,0.6,0.6454972243679028
last_250,250,2,1,2,147,0.588,150.0,0.6,-0.3872983346207417
last_250,250,3,1,3,148,0.592,150.0,0.6,-0.2581988897471611
last_250,250,4,1,4,152,0.608,150.0,0.6,0.2581988897471611
last_250,250,5,1,5,138,0.552,150.0,0.6,-1.5491933384829668
last_250,250,6,2,1,156,0.624,150.0,0.6,0.7745966692414834
last_250,250,7,2,2,143,0.572,150.0,0.6,-0.9036961141150639
last_250,250,8,2,3,140,0.56,150.0,0.6,-1.2909944487358056
last_250,250,9,2,4,142,0.568,150.0,0.6,-1.0327955589886444
last_250,250,10,2,5,161,0.644,150.0,0.6,1.420093893609386
last_250,250,11,3,1,169,0.676,150.0,0.6,2.4528894525980305
last_250,250,12,3,2,143,0.572,150.0,0.6,-0.9036961141150639
last_250,250,13,3,3,156,0.624,150.0,0.6,0.7745966692414834
last_250,250,14,3,4,149,0.596,150.0,0.6,-0.12909944487358055
last_250,250,15,3,5,146,0.584,150.0,0.6,-0.5163977794943222
last_250,250,16,4,1,155,0.62,150.0,0.6,0.6454972243679028
last_250,250,17,4,2,141,0.564,150.0,0.6,-1.161895003862225
last_250,250,18,4,3,145,0.58,150.0,0.6,-0.6454972243679028
last_250,250,19,4,4,152,0.608,150.0,0.6,0.2581988897471611
last_250,250,20,4,5,156,0.624,150.0,0.6,0.7745966692414834
last_250,250,21,5,1,144,0.576,150.0,0.6,-0.7745966692414834
last_250,250,22,5,2,153,0.612,150.0,0.6,0.3872983346207417
last_250,250,23,5,3,141,0.564,150.0,0.6,-1.161895003862225
last_250,250,24,5,4,159,0.636,150.0,0.6,1.161895003862225
last_250,250,25,5,5,159,0.636,150.0,0.6,1.161895003862225
